ScholarName,9:45-10:00,10:00-10:10,10:15-10:25,10:30-10:40,11:15-11:25,11:30-11:40,11:45-11:55,12:00-12:10
Adrian Clark,Catherine Griffin,Rong Foster,Sara Alexander,Onur Flores,Ross Simmons,NA,Avery Martinez,Cherry Perry
Adrian Perez,NA,Catherine Griffin,Caroline Bell,Ashish West,Aubrey Nelson,Sarah Gonzales,Gabriella Ramirez,Hannah Adams
Adrian Ross,Riley Wright,Jill Long,Orion Ford,Hailey Gray,Charlotte Taylor,Eleanor Green,Mia Wilson,Ruby Kelly
Alejandro Allen,Caroline Bell,Andrew Hughes,Alejandro Fisher,Serenity Price,Zoey Lopez,Victoria Lee,Kinsley Cooper,NA
Alejandro James,Matthew Myers,Liam Johnson,Judith Harrison,Camila Clark,Scarlett Lewis,Elena Howard,Zoe Roberts,Emily Harris
Alejandro Sullivan,Aaliyah Bailey,Stella Mitchell,john Powell,Kimberly Gibson,Rosemary  Russell,Savannah Evans,Oscar Reynolds,Alejandro Fisher
Alejandro Turner,Eliana Peterson,Abigail White,Noah Jones,Ross Simmons,Nora Hill,NA,Lillian Baker,Luna Hall
Alejandro Wilson,Jill Long,Victoria Lee,Roberto Graham,Aurora Parker,Sara Alexander,Hazel Phillips,Cherry Perry,Serenity Price
Ana Alexander,NA,Hailey Gray,Ariana Torres,Sara Alexander,Aria Rodriguez,Andrew Hughes,Peyton Ross,Holger Butler
Ana Cooper,Catera Ellis,Madison Walker,Mila Thompson,Victoria Lee,Sarah Gonzales,Cora Brooks,Orion Ford,Xianhua Woods
Ana Lopez,Isabella Davis,Ashish West,Sadie Henderson,Sarah Cox,Violet Campbell,Natalie Perez,David Sullivan,NA
Andrea Reed,Ruby Kelly,Hazel Phillips,Lillian Baker,Jan Hamilton,Corey Owens,Eva Sanders,Catherine Griffin,NA
Andres Hill,Ross Simmons,Claire Sanchez,Sarah Gonzales,Emily Harris,Avery Martinez,Abigail White,James Wallace,Chloe Young
Andres Richardson,Luna Hall,Elena Howard,Cherry Perry,Catera Ellis,Penelope Hernandez,Charlotte Taylor,Eva Sanders,Brooklyn Collins
Andres Russell,Sarah Cox,Zoe Roberts,Evelyn Jackson,Matthew Washington,Lucy Rogers,Alice James,Ross Simmons,Catera Ellis
Camila Davis,Elizabeth Martin,Alice James,Akinyemi Diaz,Sophia Miller,Anna Morgan,Lucy Rogers,Xianhua Woods,Rong Foster
Camila Hughes,Bella Stewart,Wilson Cole,Onur Flores,Akinyemi Diaz,Evelyn Jackson,Amelia Anderson,Leah Turner,Corey Owens
Camila Sanchez,Elena Howard,Aubrey Nelson,Liam Johnson,Madelyn Watson,Alison Patterson,Autumn Wood,Sofia Robinson,Kimberly Gibson
Carlos Garcia,Kimberly Gibson,Catera Ellis,Penelope Hernandez,Judith Harrison,Onur Flores,Anna Morgan,Lily Scott,Andrew Hughes
Carlos Gray,Emily Harris,Eva Sanders,Madison Walker,Aubrey Nelson,Ariana Torres,Rong Foster,Hailey Gray,Roberto Graham
Carlos Hamilton,Brooklyn Collins,Kimberly Gibson,David Sullivan,Noah Jones,NA,Catherine Griffin,Aubrey Nelson,Skylar Morris
Carmen Bennett,NA,Isabella Davis,Skylar Morris,Audrey Edwards,Leah Turner,Licia Hayes,Madelyn Watson,Avery Martinez
Carmen Nelson,Evelyn Jackson,Xianhua Woods,Rong Foster,Addison Gonzalez,Layla King,Jill Long,Everly Cook,Genesis Murphy
Catalina Bailey,Cherry Perry,Matthew Washington,Lucy Rogers,Brooklyn Collins,Addison Gonzalez,john Powell,Bella Stewart,Lily Scott
Cristian Carter,Ava Brown,Cherry Perry,Autumn Wood,Kinsley Cooper,Eva Sanders,NA,Charlotte Taylor,Alison Patterson
Cristian Wood,Sarah Gonzales,Ariana Torres,Audrey Edwards,Skylar Morris,NA,Adeline Ward,Savannah Evans,Catherine Griffin
Daniel Diaz,Noah Jones,James Wallace,Rosemary  Russell,Licia Hayes,Jan Hamilton,Sophia Miller,Scarlett Lewis,Lillian Baker
Daniel Green,Peyton Ross,Sofia Robinson,Andrew Hughes,Penelope Hernandez,Alejandro Fisher,Avery Martinez,Amelia Anderson,Kinsley Cooper
Daniel Howard,Penelope Hernandez,Sadie Henderson,Madelyn Watson,Aria Rodriguez,Sofia Robinson,Gabriella Ramirez,Serenity Price,Camila Clark
Diego Campbell,Andrew Hughes,Kinsley Cooper,Addison Gonzalez,Cora Brooks,Sophia Miller,Aaliyah Bailey,Rong Foster,Everly Cook
Diego Coleman,Orion Ford,Sara Alexander,Zoey Lopez,Mia Wilson,Akinyemi Diaz,Ruby Kelly,Jan Hamilton,Eliana Peterson
Eduardo Brooks,Mila Thompson,Madelyn Watson,Camila Clark,Lucy Rogers,Amelia Anderson,Matthew Washington,Brooklyn Collins,Elena Howard
Eduardo Hernandez,john Powell,Chloe Young,Holger Butler,Ariana Torres,Kimberly Gibson,Madelyn Watson,NA,Violet Campbell
Emilio Myers,Amelia Anderson,Camila Clark,Olivia Williams,Rosemary  Russell,Skylar Morris,Bella Stewart,Onur Flores,Oscar Reynolds
Emilio Torres,Roberto Graham,Charlotte Taylor,Kimberly Gibson,Alejandro Fisher,Riley Wright,Oscar Reynolds,Elena Howard,Abigail White
Emilio Walker,David Sullivan,Lillian Baker,James Wallace,Gabriella Ramirez,Noah Jones,Nora Hill,Sadie Henderson,Ava Brown
Gabriel Green,Olivia Williams,Roberto Graham,Serenity Price,Zoe Roberts,Chloe Young,Joaquin Jordan,Adeline Ward,Jan Hamilton
Gabriel Murphy,Sofia Robinson,Aaliyah Bailey,Claire Sanchez,Violet Campbell,Mila Thompson,Sadie Henderson,Layla King,James Wallace
Gabriela Gonzales,Autumn Wood,David Sullivan,Eleanor Green,Sadie Henderson,Madelyn Watson,Rosemary  Russell,Chloe Young,Ross Simmons
Gabriela Phillips,Nevaeh Barnes,Autumn Wood,Alison Patterson,Riley Wright,Kinsley Cooper,Aubrey Nelson,Holger Butler,Aaliyah Bailey
Gabriela Turner,Licia Hayes,Sophia Miller,Mia Wilson,Mila Thompson,Alice James,Madison Walker,Genesis Murphy,Aubrey Nelson
Isabella Edwards,Layla King,Olivia Williams,Paisley Reed,Scarlett Lewis,Ella Garcia,Sofia Robinson,Wilson Cole,Matthew Myers
Isabella Hernandez,Rong Foster,Bella Stewart,Luna Hall,David Sullivan,Elena Howard,Holger Butler,Judith Harrison,Lucy Rogers
Isabella Powell,Sadie Henderson,Cora Brooks,Maya Richardson,Joaquin Jordan,Paisley Reed,Kinsley Cooper,Riley Wright,Wilson Cole
Isabella Rogers,Lucy Rogers,Amelia Anderson,Avery Martinez,Andrew Hughes,Licia Hayes,Violet Campbell,Ashish West,Autumn Wood
Isabella Washington,Aubrey Nelson,Nevaeh Barnes,Oscar Reynolds,Holger Butler,Lillian Baker,Emily Harris,Luna Hall,Sara Alexander
Javier Baker,Gabriella Ramirez,Alison Patterson,Xianhua Woods,Avery Martinez,NA,Matthew Myers,Alice James,Charlotte Taylor
Javier Sanders,Zoe Roberts,Maya Richardson,Nevaeh Barnes,Oscar Reynolds,Grace Allen,Chloe Young,john Powell,Layla King
Juan Patterson,Matthew Washington,Akinyemi Diaz,Charlotte Taylor,Jill Long,Nevaeh Barnes,Roberto Graham,Alison Patterson,Sofia Robinson
Juan Stewart,Maya Richardson,Autumn Bennett,Hazel Phillips,Eliana Peterson,Victoria Lee,Olivia Williams,Abigail White,Mila Thompson
Juan Thompson,Abigail White,Jan Hamilton,Aria Rodriguez,Hannah Adams,Elizabeth Martin,Zoe Roberts,Corey Owens,Evelyn Jackson
Leonardo Baker,Aria Rodriguez,Leah Turner,Sarah Cox,Caroline Bell,Bella Stewart,Noah Jones,Cora Brooks,Judith Harrison
Leonardo Foster,Harper Thomas,Mila Thompson,Matthew Myers,Nora Hill,Hannah Adams,Zoey Lopez,Liam Johnson,Bella Stewart
Leonardo Morgan,Alison Patterson,Eliana Peterson,Leah Turner,Ella Garcia,Olivia Williams,Corey Owens,Victoria Lee,Hailey Gray
Lucia Collins,NA,Onur Flores,Zoe Roberts,Autumn Bennett,Jill Long,Lily Scott,Stella Mitchell,Sarah Gonzales
Lucia Harris,Hazel Phillips,Luna Hall,Isabella Davis,Anna Morgan,Lily Scott,Xianhua Woods,Akinyemi Diaz,Rosemary  Russell
Lucia Long,Stella Mitchell,Audrey Edwards,Aurora Parker,Lily Scott,Andrew Hughes,Harper Thomas,Sara Alexander,Nevaeh Barnes
Luisa Carter,Grace Allen,Eleanor Green,Bella Stewart,Harper Thomas,Cherry Perry,Aria Rodriguez,Hannah Adams,Akinyemi Diaz
Luna Graham,Alejandro Fisher,Corey Owens,Layla King,Gideon Bryant,NA,Jan Hamilton,Emily Harris,Riley Wright
Luna Hall,Oscar Reynolds,Penelope Hernandez,Ross Simmons,Catherine Griffin,Quinn Jenkins,Paisley Reed,Hazel Phillips,NA
Luna Ramirez,Savannah Evans,Brooklyn Collins,Cora Brooks,Quinn Jenkins,Luna Hall,Nevaeh Barnes,NA,Onur Flores
Mariana Barnes,Aurora Parker,Emily Harris,Peyton Ross,john Powell,Autumn Wood,Emma Smith,Mila Thompson,Ashish West
Mariana Hayes,Alice James,Mia Wilson,Elena Howard,Zoey Lopez,Brooklyn Collins,Addison Gonzalez,Grace Allen,Cora Brooks
Mariana Mitchell,Jan Hamilton,Noah Jones,Piper Coleman,Orion Ford,Natalie Perez,Alejandro Fisher,Rosemary  Russell,Savannah Evans
Mariana Perez,Hannah Adams,Aurora Parker,Catherine Griffin,James Wallace,Autumn Bennett,Wilson Cole,Alejandro Fisher,NA
Mariana Ward,Sara Alexander,Ruby Kelly,Autumn Bennett,Xianhua Woods,Wilson Cole,Stella Mitchell,Emma Smith,Isabella Davis
Mateo Flores,Madison Walker,Rosemary  Russell,Chloe Young,Ava Brown,Catherine Griffin,Brooklyn Collins,Ariana Torres,john Powell
Mateo Lopez,Cora Brooks,Natalie Perez,Eliana Peterson,Amelia Anderson,David Sullivan,Grace Allen,Andrew Hughes,Sophia Miller
Mateo Morris,Judith Harrison,Serenity Price,Aubrey Nelson,Roberto Graham,Xianhua Woods,Cherry Perry,Evelyn Jackson,Hazel Phillips
Miguel Mitchell,Kinsley Cooper,Sarah Cox,Aaliyah Bailey,Ruby Kelly,Harper Thomas,Kimberly Gibson,Camila Clark,Matthew Washington
Natalia Adams,Skylar Morris,Riley Wright,Hannah Adams,Sarah Gonzales,Mia Wilson,David Sullivan,Nevaeh Barnes,Emma Smith
Natalia Henderson,Scarlett Lewis,Aria Rodriguez,Gabriella Ramirez,Eleanor Green,Roberto Graham,Hailey Gray,Autumn Bennett,Elizabeth Martin
Natalia Roberts,Zoey Lopez,Gabriella Ramirez,Everly Cook,Claire Sanchez,Oscar Reynolds,Sara Alexander,Catera Ellis,Maya Richardson
Samuel Evans,Claire Sanchez,Lily Scott,Natalie Perez,Peyton Ross,Ashish West,Skylar Morris,Violet Campbell,NA
Samuel Perry,Autumn Bennett,Ross Simmons,Ella Garcia,Matthew Myers,Hailey Gray,Eliana Peterson,NA,Leah Turner
Santiago Butler,James Wallace,Addison Gonzalez,Scarlett Lewis,Leah Turner,Eliana Peterson,Lillian Baker,Roberto Graham,Stella Mitchell
Santiago Martinez,Ariana Torres,Layla King,Corey Owens,Luna Hall,Judith Harrison,Ross Simmons,Elizabeth Martin,Autumn Bennett
Santiago Reed,Natalie Perez,Elizabeth Martin,Amelia Anderson,Elena Howard,Aurora Parker,Orion Ford,Sarah Gonzales,Zoey Lopez
Sebastian Phillips,Madelyn Watson,Orion Ford,Stella Mitchell,Cherry Perry,Zoe Roberts,Everly Cook,Natalie Perez,Eva Sanders
Sofia Gonzalez,Onur Flores,Avery Martinez,Sophia Miller,Liam Johnson,Madison Walker,Mia Wilson,Eleanor Green,NA
Sofia Price,Hailey Gray,Skylar Morris,Matthew Washington,Hazel Phillips,Orion Ford,Ella Garcia,Jill Long,Amelia Anderson
Sofia Rodriguez,Lillian Baker,Everly Cook,Brooklyn Collins,Sofia Robinson,Serenity Price,Liam Johnson,Sophia Miller,Noah Jones
Valentina Adams,Leah Turner,Scarlett Lewis,Anna Morgan,Aaliyah Bailey,James Wallace,Alison Patterson,Addison Gonzalez,Jill Long
Valentina Cook,Everly Cook,Lucy Rogers,Licia Hayes,Rong Foster,Joaquin Jordan,Leah Turner,Aaliyah Bailey,Peyton Ross
Valentina Scott,Sophia Miller,Grace Allen,Nora Hill,Madison Walker,Abigail White,James Wallace,Kimberly Gibson,Orion Ford
Valentina Simmons,Eleanor Green,Violet Campbell,Ava Brown,Natalie Perez,john Powell,Camila Clark,Lucy Rogers,Adeline Ward
Valeria Bell,Xianhua Woods,Gideon Bryant,Catera Ellis,Olivia Williams,Emily Harris,Autumn Bennett,Ruby Kelly,Liam Johnson
Valeria Jenkins,Camila Clark,Ella Garcia,Sofia Robinson,Lillian Baker,Aaliyah Bailey,Ashish West,Isabella Davis,Eleanor Green
Valeria Lewis,Holger Butler,Alejandro Fisher,Adeline Ward,Bella Stewart,Eleanor Green,Judith Harrison,Matthew Myers,Grace Allen
Valeria Parker,Piper Coleman,Evelyn Jackson,Quinn Jenkins,Isabella Davis,Piper Coleman,Piper Coleman,Paisley Reed,Piper Coleman
Valeria Wallace,Akinyemi Diaz,Peyton Ross,Ruby Kelly,NA,Liam Johnson,Scarlett Lewis,Anna Morgan,Alice James
Vanessa Cox,Ashish West,Hannah Adams,Lily Scott,Wilson Cole,Matthew Washington,Riley Wright,Joaquin Jordan,Scarlett Lewis
Vanessa Griffin,Charlotte Taylor,Ava Brown,Jill Long,Eva Sanders,Stella Mitchell,Layla King,Skylar Morris,Addison Gonzalez
Vanessa Scott,Addison Gonzalez,Zoey Lopez,Elizabeth Martin,Alison Patterson,Matthew Myers,Claire Sanchez,Eliana Peterson,NA
Victoria Watson,Quinn Jenkins,Anna Morgan,Gideon Bryant,Piper Coleman,Gideon Bryant,Ariana Torres,Audrey Edwards,Zoe Roberts
Victoria Young,Avery Martinez,john Powell,Jan Hamilton,Elizabeth Martin,Ruby Kelly,Onur Flores,Zoey Lopez,Ariana Torres
Xavier Bryant,Ella Garcia,Adeline Ward,Grace Allen,Paisley Reed,Holger Butler,Evelyn Jackson,Noah Jones,Natalie Perez
Xavier Rivera,Wilson Cole,Oscar Reynolds,Hailey Gray,Abigail White,Peyton Ross,Serenity Price,Matthew Washington,Licia Hayes
Xavier Wright,Chloe Young,Matthew Myers,Emily Harris,Stella Mitchell,Isabella Davis,Mila Thompson,Autumn Wood,Anna Morgan
Ximena Ford,Rosemary  Russell,Holger Butler,Ashish West,Everly Cook,Hazel Phillips,Akinyemi Diaz,Licia Hayes,David Sullivan
Ximena Peterson,Paisley Reed,Licia Hayes,Wilson Cole,Alice James,Everly Cook,Elizabeth Martin,Harper Thomas,Ella Garcia
Ximena Robinson,Liam Johnson,Judith Harrison,Kinsley Cooper,Autumn Wood,Camila Clark,Luna Hall,Claire Sanchez,Mia Wilson
Zoe Kelly,Corey Owens,Sarah Gonzales,Eva Sanders,Layla King,Cora Brooks,Catera Ellis,Ella Garcia,Gideon Bryant
Zoe King,Adeline Ward,Caroline Bell,Alice James,Corey Owens,Sadie Henderson,Peyton Ross,NA,Harper Thomas



Please find all zoom links here:
=HYPERLINK("https://docs.google.com/spreadsheets/d/173_ZZX_MneFDMDl-e1KkIz1HNJ9T-g1BQuAySTBF4_A/edit#gid=0")